{"cameraMode":{"drawMode":0,"name":"Shaded","section":"Shading Mode"},"sceneLighting":true,"audioPlay":false,"sceneViewState":{"showFog":true,"showMaterialUpdate":false,"showSkybox":true,"showFlares":true,"showImageEffects":true,"showParticleSystems":true},"in2DMode":false,"pivot":{"x":-131.32717895507813,"y":-129.03671264648438,"z":64.73316192626953},"rotation":{"x":-0.2891656160354614,"y":0.5184034705162048,"z":-0.191739022731781,"w":-0.7816430330276489},"size":214.08792114257813,"orthographic":false}